{"tp": 1941, "fp": 1, "fn": 707, "tn": 0, "acc": 73.27293318233295, "precision": 0.9994850669412977, "recall": 0.7330060422960725, "f_measure": 0.8457516339869281}